"persona"	"nome"	"cognome"	"dataNascita"	"dataMorte"	"valoreConsulta"
"http://dati.camera.it/ocd/persona.rdf/p303281"	"MARIO"	"ABBIATE"		"19540605"	"true"
"http://dati.camera.it/ocd/persona.rdf/pr101925"	"GIUSEPPE"	"AGNELLO"	"18880205"	"1976"	"true"
"http://dati.camera.it/ocd/persona.rdf/pr11959"	"VITTORIO"	"ALBASINI SCROSATI"	"19030912"	"19910125"	"true"
"http://dati.camera.it/ocd/persona.rdf/p6320"	"GIUSEPPE"	"ALBERGANTI"	"18980724"	"19801103"	"true"
"http://dati.camera.it/ocd/persona.rdf/pr101913"	"DOMENICO"	"ALBERGO"	"18890216"		"true"
"http://dati.camera.it/ocd/persona.rdf/p25290"	"SALVATORE"	"ALDISIO"	"18901229"	"19640727"	"true"
"http://dati.camera.it/ocd/persona.rdf/pr11961"	"MARIO"	"ALLARA"	"19020808"		"true"
"http://dati.camera.it/ocd/persona.rdf/p13360"	"LUIGI"	"ALLEGATO"	"18960408"	"19580525"	"true"
"http://dati.camera.it/ocd/persona.rdf/pr101206"	"ENRICO"	"ALTAVILLA"	"18830127"		"true"
"http://dati.camera.it/ocd/persona.rdf/pr4494"	"FRANCESCO"	"AMATUCCI"	"18750205"	"19460601"	"true"
"http://dati.camera.it/ocd/persona.rdf/p300642"	"FILIPPO"	"AMEDEO"	"18910202"	"19460618"	"true"
"http://dati.camera.it/ocd/persona.rdf/pr11963"	"GIOVANNI"	"AMERIO"	"19010120"		"true"
"http://dati.camera.it/ocd/persona.rdf/pr11964"	"FRANCO"	"AMOROSO"	"19050920"		"true"
"http://dati.camera.it/ocd/persona.rdf/pr11965"	"MARIO"	"ANDREIS"	"19070504"		"true"
"http://dati.camera.it/ocd/persona.rdf/p200021"	"GIULIO"	"ANDREOTTI"	"19190114"	"20130506"	"true"
"http://dati.camera.it/ocd/persona.rdf/pr11967"	"BRUNO"	"ANGELETTI"	"18931011"		"true"
"http://dati.camera.it/ocd/persona.rdf/pr11968"	"ALFREDO"	"ANNUNZIATA"	"18811022"		"true"
"http://dati.camera.it/ocd/persona.rdf/pr101482"	"GIOVANNI"	"ANTONELLI"	"18840107"		"true"
"http://dati.camera.it/ocd/persona.rdf/pr11969"	"CARLO"	"ANTONI"	"18960815"	"19590803"	"true"
"http://dati.camera.it/ocd/persona.rdf/pr11970"	"ALBERTO"	"APPONI"	"19060125"		"true"
"http://dati.camera.it/ocd/persona.rdf/pr11971"	"VINCENZO"	"ARANGIO RUIZ"	"18840507"		"true"
"http://dati.camera.it/ocd/persona.rdf/pr101616"	"FILIPPO NALDO"	"ARECCO"	"18930824"		"true"
"http://dati.camera.it/ocd/persona.rdf/pr11972"	"MARIO"	"ARGENTON"	"19070526"		"true"
"http://dati.camera.it/ocd/persona.rdf/pr11973"	"ANTONIO"	"ARMINO"	"19011105"		"true"
"http://dati.camera.it/ocd/persona.rdf/p303942"	"EUGENIO"	"ARTOM"		"19750717"	"true"
"http://dati.camera.it/ocd/persona.rdf/p11650"	"ENNIO"	"AVANZINI"	"18881109"	"19620220"	"true"
"http://dati.camera.it/ocd/persona.rdf/pr11974"	"MASSIMO"	"AVANZINI"	"18860518"		"true"
"http://dati.camera.it/ocd/persona.rdf/pr11975"	"GUGLIELMO"	"BACCI"	"19130821"		"true"
"http://dati.camera.it/ocd/persona.rdf/pr11976"	"VINCENZO"	"BALDAZZI"	"18981025"		"true"
"http://dati.camera.it/ocd/persona.rdf/p6610"	"VITTORIO"	"BARDINI"	"19030915"	"19850530"	"true"
"http://dati.camera.it/ocd/persona.rdf/pr11978"	"FERNANDO"	"BARONCINI"	"19010714"		"true"
"http://dati.camera.it/ocd/persona.rdf/p27220"	"ILIO"	"BARONTINI"	"18900928"	"19510122"	"true"
"http://dati.camera.it/ocd/persona.rdf/p27240"	"CARLO"	"BASSANO"	"18840711"	"19470909"	"true"
"http://dati.camera.it/ocd/persona.rdf/pr11979"	"ACHILLE"	"BATTAGLIA"		"19600220"	"true"
"http://dati.camera.it/ocd/persona.rdf/pr11980"	"RICCARDO"	"BAUER"	"18960106"	"19821015"	"true"
"http://dati.camera.it/ocd/persona.rdf/p12520"	"VINCENZO"	"BAVARO"	"18940514"	"19740111"	"true"
"http://dati.camera.it/ocd/persona.rdf/p6740"	"ADELE"	"BEI"	"19040504"	"19761015"	"true"
"http://dati.camera.it/ocd/persona.rdf/p27260"	"ROBERTO"	"BENCIVENGA"	"18721002"	"19491023"	"true"
"http://dati.camera.it/ocd/persona.rdf/p27270"	"TULLIO"	"BENEDETTI"	"18840512"	"19730407"	"true"
"http://dati.camera.it/ocd/persona.rdf/p300667"	"ENRICO"	"BERARDINONE"			"true"
"http://dati.camera.it/ocd/persona.rdf/p300648"	"GINO"	"BERGAMI"	"19030407"	"19761110"	"true"
"http://dati.camera.it/ocd/persona.rdf/p27280"	"ALBERTO"	"BERGAMINI"	"18710601"	"19621222"	"true"
"http://dati.camera.it/ocd/persona.rdf/p300788"	"GIULIO"	"BERGMANN"		"19560305"	"true"
"http://dati.camera.it/ocd/persona.rdf/p12360"	"MARIO"	"BERLINGUER"	"18910311"	"19690706"	"true"
"http://dati.camera.it/ocd/persona.rdf/p17950"	"GIUSEPPE MARIA"	"BETTIOL"	"19070926"	"19820529"	"true"
"http://dati.camera.it/ocd/persona.rdf/p12870"	"COSTANTE"	"BIANCHI"	"19080602"	"19650819"	"true"
"http://dati.camera.it/ocd/persona.rdf/p6920"	"LAURA"	"BIANCHINI"	"19030823"	"19830927"	"true"
"http://dati.camera.it/ocd/persona.rdf/pr11986"	"DANTE LIVIO"	"BIANCO"	"19090519"		"true"
"http://dati.camera.it/ocd/persona.rdf/pr11987"	"ANTONIO"	"BIGA"	"18890214"		"true"
"http://dati.camera.it/ocd/persona.rdf/pr11988"	"GINO"	"BIRONDI"	"18960214"		"true"
"http://dati.camera.it/ocd/persona.rdf/p27350"	"ALESSANDRO"	"BOCCONI"	"18731109"	"19600823"	"true"
"http://dati.camera.it/ocd/persona.rdf/p303289"	"GIOVANNI BATTISTA"	"BOERI"		"19570118"	"true"
"http://dati.camera.it/ocd/persona.rdf/p300768"	"ANTONIO"	"BOGGIANO PICO"		"19651009"	"true"
"http://dati.camera.it/ocd/persona.rdf/p950"	"ARRIGO"	"BOLDRINI"	"19150906"	"20080122"	"true"
"http://dati.camera.it/ocd/persona.rdf/pr11990"	"MARIO"	"BONESCHI"	"19070127"		"true"
"http://dati.camera.it/ocd/persona.rdf/p27370"	"IVANOE"	"BONOMI"	"18731018"	"19510420"	"true"
"http://dati.camera.it/ocd/persona.rdf/p1000"	"PAOLO"	"BONOMI"	"19100606"	"19850223"	"true"
"http://dati.camera.it/ocd/persona.rdf/pr11991"	"BONUCCIO"	"BONUCCI"	"19041207"		"true"
"http://dati.camera.it/ocd/persona.rdf/pr10576"	"IGINO"	"BORIN"	"18901208"	"19540223"	"true"
"http://dati.camera.it/ocd/persona.rdf/p25410"	"GIAMBATTISTA"	"BOSCO LUCARELLI"	"18810521"	"19540422"	"true"
"http://dati.camera.it/ocd/persona.rdf/pr11992"	"PIETRO"	"BOTTONI"	"19030711"		"true"
"http://dati.camera.it/ocd/persona.rdf/p1110"	"ALDO"	"BOZZI"	"19090222"	"19871101"	"true"
"http://dati.camera.it/ocd/persona.rdf/p300659"	"MARIO"	"BRACCI"	"19000212"	"19590515"	"true"
"http://dati.camera.it/ocd/persona.rdf/p27400"	"GIOVANNI"	"BRASCHI"	"18910227"	"19590105"	"true"
"http://dati.camera.it/ocd/persona.rdf/p300764"	"COSTANTINO"	"BRESCIANI TURRONI"	"18820226"	"19631207"	"true"
"http://dati.camera.it/ocd/persona.rdf/pr101135"	"ALESSANDRO"	"BRUNI"	"18931112"		"true"
"http://dati.camera.it/ocd/persona.rdf/p18060"	"GIUSEPPE"	"BRUSASCA"	"19000830"	"19940601"	"true"
"http://dati.camera.it/ocd/persona.rdf/pr11996"	"NAZZARENO"	"BUSCHI"	"18880602"		"true"
"http://dati.camera.it/ocd/persona.rdf/p25450"	"PIERO"	"CALAMANDREI"	"18890421"	"19560927"	"true"
"http://dati.camera.it/ocd/persona.rdf/pr11999"	"GUGLIELMO"	"CALARCO"	"18880713"		"true"
"http://dati.camera.it/ocd/persona.rdf/pr12000"	"CLEMENTINA"	"CALIGARIS"	"18820918"		"true"
"http://dati.camera.it/ocd/persona.rdf/pr12001"	"GUIDO"	"CALOGERO"	"19041204"		"true"
"http://dati.camera.it/ocd/persona.rdf/pr12002"	"NATALE"	"CAMARRA"	"18981225"		"true"
"http://dati.camera.it/ocd/persona.rdf/pr12003"	"ANDREA"	"CAMIA"	"18961009"		"true"
"http://dati.camera.it/ocd/persona.rdf/p25460"	"PIETRO"	"CAMPILLI"	"18911130"	"19740708"	"true"
"http://dati.camera.it/ocd/persona.rdf/p27460"	"GIUSEPPE"	"CANEPA"	"18650315"	"19481222"	"true"
"http://dati.camera.it/ocd/persona.rdf/p27450"	"EMILIO"	"CANEVARI"	"18800121"	"19640420"	"true"
"http://dati.camera.it/ocd/persona.rdf/pr12004"	"CARLO"	"CAPELLARO"	"19040406"		"true"
"http://dati.camera.it/ocd/persona.rdf/p11350"	"PAOLO"	"CAPPA"	"18880219"	"19560626"	"true"
"http://dati.camera.it/ocd/persona.rdf/pr10654"	"LUIGI"	"CAPRA"	"18720621"		"true"
"http://dati.camera.it/ocd/persona.rdf/p25480"	"AGILULFO"	"CARAMIA"	"18850606"	"19621005"	"true"
"http://dati.camera.it/ocd/persona.rdf/p27490"	"NICOLO'"	"CARANDINI"	"18951106"	"19720318"	"true"
"http://dati.camera.it/ocd/persona.rdf/p27500"	"LUIGI"	"CARBONARI"	"18801003"	"19710920"	"true"
"http://dati.camera.it/ocd/persona.rdf/p12450"	"GIOVANNI"	"CARIGNANI"	"18930601"	"19611010"	"true"
"http://dati.camera.it/ocd/persona.rdf/p300046"	"GUIDO"	"CARLI"			"true"
"http://dati.camera.it/ocd/persona.rdf/p27540"	"LUIGI"	"CARMAGNOLA"	"18950926"	"19740825"	"true"
"http://dati.camera.it/ocd/persona.rdf/pr12009"	"CARLO"	"CASALI"	"18990620"		"true"
"http://dati.camera.it/ocd/persona.rdf/p303297"	"ALESSANDRO"	"CASATI"		"19550604"	"true"
"http://dati.camera.it/ocd/persona.rdf/pr12010"	"GIOVANNI"	"CASSANDRO"	"19130421"		"true"
"http://dati.camera.it/ocd/persona.rdf/pr12011"	"MARIO"	"CASSIANI INGONI"	"19050324"		"true"
"http://dati.camera.it/ocd/persona.rdf/pr12012"	"GIUSEPPE"	"CATENACCI"	"18931003"	"1974"	"true"
"http://dati.camera.it/ocd/persona.rdf/p300657"	"LEONE"	"CATTANI"	"19060105"	"19801029"	"true"
"http://dati.camera.it/ocd/persona.rdf/p7450"	"ANTONIO"	"CAVINATO"	"18950202"	"19911208"	"true"
"http://dati.camera.it/ocd/persona.rdf/pr12015"	"GILBERTO"	"CELLINO"	"19030408"		"true"
"http://dati.camera.it/ocd/persona.rdf/p25550"	"FRANCESCO"	"CERABONA"	"18821209"	"19630726"	"true"
"http://dati.camera.it/ocd/persona.rdf/pr12026"	"ARTURO"	"CHIARI"			"true"
"http://dati.camera.it/ocd/persona.rdf/pr12027"	"LAURO"	"CHIAZZESE"	"19030806"		"true"
"http://dati.camera.it/ocd/persona.rdf/pr12028"	"ERCOLE"	"CHIRI"	"18901101"		"true"
"http://dati.camera.it/ocd/persona.rdf/pr12029"	"FERDINANDO"	"CIAFFI"			"true"
"http://dati.camera.it/ocd/persona.rdf/p27590"	"ALBERTO"	"CIANCA"	"18840101"	"19660108"	"true"
"http://dati.camera.it/ocd/persona.rdf/p7520"	"VINCENZO"	"CICERONE"	"19191114"	"19890105"	"true"
"http://dati.camera.it/ocd/persona.rdf/pr12032"	"ADOLFO"	"CILENTO"	"18751028"		"true"
"http://dati.camera.it/ocd/persona.rdf/p27610"	"MARIO"	"CINGOLANI"	"18830802"	"19710408"	"true"
"http://dati.camera.it/ocd/persona.rdf/pr101224"	"UMBERTO"	"CIPOLLONE"	"18831120"		"true"
"http://dati.camera.it/ocd/persona.rdf/p13990"	"DOMENICO"	"CIUFOLI"	"18980703"	"19750430"	"true"
"http://dati.camera.it/ocd/persona.rdf/p7540"	"IVO"	"COCCIA"	"18911223"	"19790731"	"true"
"http://dati.camera.it/ocd/persona.rdf/p12290"	"FRANCESCO"	"COCCO ORTU"	"19120428"	"19690116"	"true"
"http://dati.camera.it/ocd/persona.rdf/pr12037"	"GUIDO"	"COCEANIS"			"true"
"http://dati.camera.it/ocd/persona.rdf/pr12038"	"ANTONIO DANTE"	"CODA"	"18991221"		"true"
"http://dati.camera.it/ocd/persona.rdf/p25610"	"DOMENICO"	"COLASANTO"	"18960118"	"19660908"	"true"
"http://dati.camera.it/ocd/persona.rdf/p14130"	"GIULIO"	"COLI"	"18991008"	"19750909"	"true"
"http://dati.camera.it/ocd/persona.rdf/p18370"	"ARTURO RAFFAELLO"	"COLOMBI"	"19000722"	"19831206"	"true"
"http://dati.camera.it/ocd/persona.rdf/p11360"	"GUSTAVO"	"COLONNETTI"	"18861108"	"19680320"	"true"
"http://dati.camera.it/ocd/persona.rdf/p27660"	"LUIGI"	"CORAZZIN"	"18881022"	"19461203"	"true"
"http://dati.camera.it/ocd/persona.rdf/p7580"	"EPICARMO"	"CORBINO"	"18900718"	"19840425"	"true"
"http://dati.camera.it/ocd/persona.rdf/pr10691"	"FELICE"	"CORINI"	"18891013"	"19461222"	"true"
"http://dati.camera.it/ocd/persona.rdf/p12020"	"CAMILLO"	"CORSANEGO"	"18910320"	"19631009"	"true"
"http://dati.camera.it/ocd/persona.rdf/p27680"	"GIOVANNI"	"COSATTINI"	"18780105"	"19540801"	"true"
"http://dati.camera.it/ocd/persona.rdf/pr12046"	"REMO"	"COSTA"			"true"
"http://dati.camera.it/ocd/persona.rdf/p27700"	"AMERIGO"	"CRISPO"	"18860217"	"19501029"	"true"
"http://dati.camera.it/ocd/persona.rdf/p27710"	"BENEDETTO"	"CROCE"	"18660225"	"19521120"	"true"
"http://dati.camera.it/ocd/persona.rdf/p11390"	"EDOARDO"	"D'ONOFRIO"	"19010210"	"19730815"	"true"
"http://dati.camera.it/ocd/persona.rdf/pr12049"	"ALDO"	"DAMO"	"19060421"		"true"
"http://dati.camera.it/ocd/persona.rdf/p25690"	"RAFFAELE"	"DE CARO"	"18830329"	"19610604"	"true"
"http://dati.camera.it/ocd/persona.rdf/pr12050"	"RICCARDO"	"DE CATALDO"	"18950519"		"true"
"http://dati.camera.it/ocd/persona.rdf/p303409"	"ENRICO"	"DE NICOLA"		"19591001"	"true"
"http://dati.camera.it/ocd/persona.rdf/p17200"	"GIACOMO"	"DE PALMA"	"18991126"	"19760524"	"true"
"http://dati.camera.it/ocd/persona.rdf/p300766"	"MICHELE"	"DE PIETRO"		"19671007"	"true"
"http://dati.camera.it/ocd/persona.rdf/pr12057"	"GUIDO"	"DE RUGGIERO"	"18880323"		"true"
"http://dati.camera.it/ocd/persona.rdf/pr12058"	"MARINO"	"DE STEFANO"	"19031003"		"true"
"http://dati.camera.it/ocd/persona.rdf/pr12054"	"PIERO"	"DEL MONTE"	"19021013"		"true"
"http://dati.camera.it/ocd/persona.rdf/pr12051"	"PIERO"	"DELLA GIUSTA"	"19000926"		"true"
"http://dati.camera.it/ocd/persona.rdf/pr12052"	"GISELLA"	"DELLA PORTA"	"19060403"		"true"
"http://dati.camera.it/ocd/persona.rdf/pr12053"	"GIOVANNI"	"DELLA TORRE"	"19030723"		"true"
"http://dati.camera.it/ocd/persona.rdf/pr12059"	"EZIO"	"DI CLEMENTE"	"18951126"		"true"
"http://dati.camera.it/ocd/persona.rdf/p25750"	"GIUSEPPE"	"DI VITTORIO"	"18920811"	"19571103"	"true"
"http://dati.camera.it/ocd/persona.rdf/p7990"	"ANTIGONO"	"DONATI"	"19100120"	"20020106"	"true"
"http://dati.camera.it/ocd/persona.rdf/p25780"	"GIUSEPPE"	"DOSSETTI"	"19130213"	"19961215"	"true"
"http://dati.camera.it/ocd/persona.rdf/p27790"	"LUIGI"	"EINAUDI"	"18740324"	"19611030"	"true"
"http://dati.camera.it/ocd/persona.rdf/pr12063"	"PIO"	"EROLI"	"19030126"	"19801213"	"true"
"http://dati.camera.it/ocd/persona.rdf/p27800"	"GUSTAVO"	"FABBRI"	"18820110"	"19620108"	"true"
"http://dati.camera.it/ocd/persona.rdf/p303741"	"LUIGI"	"FABBRI"		"19661107"	"true"
"http://dati.camera.it/ocd/persona.rdf/p27810"	"CIPRIANO"	"FACCHINETTI"	"18890113"	"19520217"	"true"
"http://dati.camera.it/ocd/persona.rdf/p12250"	"GIOVAMBATTISTA"	"FANALES"	"19000221"	"19700413"	"true"
"http://dati.camera.it/ocd/persona.rdf/pr12066"	"FRANCESCO"	"FANCELLO"	"18840319"		"true"
"http://dati.camera.it/ocd/persona.rdf/p27820"	"LUCIANO"	"FANTONI"	"18811223"	"19670619"	"true"
"http://dati.camera.it/ocd/persona.rdf/p300797"	"EGIDIO"	"FAZIO"		"19570719"	"true"
"http://dati.camera.it/ocd/persona.rdf/p27850"	"ARMANDO"	"FEDELI"	"18980128"	"19651010"	"true"
"http://dati.camera.it/ocd/persona.rdf/p304187"	"SERGIO"	"FENOALTEA"			"true"
"http://dati.camera.it/ocd/persona.rdf/pr12070"	"MARIO"	"FERRARA"	"18920905"	"19560119"	"true"
"http://dati.camera.it/ocd/persona.rdf/pr2342"	"ENRICO"	"FERRARI"	"18870527"	"19690112"	"true"
"http://dati.camera.it/ocd/persona.rdf/pr201314"	"ORESTE"	"FERRARI"	"18900505"	"19620210"	"true"
"http://dati.camera.it/ocd/persona.rdf/pr12071"	"CLAUDIO"	"FERRI"	"18960807"		"true"
"http://dati.camera.it/ocd/persona.rdf/p27870"	"GIUSEPPE"	"FILIPPINI"	"18790221"	"19720129"	"true"
"http://dati.camera.it/ocd/persona.rdf/pr12072"	"MARIO"	"FLORIO"	"19040707"		"true"
"http://dati.camera.it/ocd/persona.rdf/pr10791"	"BRUNO"	"FORTICHIARI"	"18920208"	"19810104"	"true"
"http://dati.camera.it/ocd/persona.rdf/p25960"	"VITTORIO"	"FOSSOMBRONI"	"18920903"	"19630806"	"true"
"http://dati.camera.it/ocd/persona.rdf/p303313"	"ALFREDO"	"FRASSATI"		"19610521"	"true"
"http://dati.camera.it/ocd/persona.rdf/pr12073"	"GIANCARLO"	"FRE"	"18940527"		"true"
"http://dati.camera.it/ocd/persona.rdf/pr12074"	"FABIO"	"FRIGGERI"	"18841103"		"true"
"http://dati.camera.it/ocd/persona.rdf/pr12075"	"ARTURO"	"FRINZI"	"18750301"		"true"
"http://dati.camera.it/ocd/persona.rdf/pr12076"	"FOSCO"	"FRIZZI"	"19010815"		"true"
"http://dati.camera.it/ocd/persona.rdf/p25990"	"GIUSEPPE"	"FUSCHINI"	"18830924"	"19490710"	"true"
"http://dati.camera.it/ocd/persona.rdf/p27910"	"GIUSEPPE"	"FUSCO"	"18850105"	"19570610"	"true"
"http://dati.camera.it/ocd/persona.rdf/pr12077"	"CESARE"	"GABRIELE"	"18891220"		"true"
"http://dati.camera.it/ocd/persona.rdf/p8360"	"ANTONIO"	"GABRIELI"	"19020123"	"19841007"	"true"
"http://dati.camera.it/ocd/persona.rdf/pr12079"	"CARLO ALBERTO"	"GALLESIO"	"19120301"		"true"
"http://dati.camera.it/ocd/persona.rdf/pr12080"	"OFELIA"	"GAROIA"	"19090103"		"true"
"http://dati.camera.it/ocd/persona.rdf/p27920"	"LUIGI"	"GASPAROTTO"	"18730531"	"19540629"	"true"
"http://dati.camera.it/ocd/persona.rdf/pr201761"	"UMBERTO"	"GAZZONI"	"18860714"		"true"
"http://dati.camera.it/ocd/persona.rdf/pr12081"	"PANFILO"	"GENTILE"	"18890528"		"true"
"http://dati.camera.it/ocd/persona.rdf/pr12082"	"VITO"	"GERARDI"	"18960308"		"true"
"http://dati.camera.it/ocd/persona.rdf/p8460"	"ATTILIO"	"GERMANO"	"19030714"	"19821218"	"true"
"http://dati.camera.it/ocd/persona.rdf/pr12084"	"LAMBERTO"	"GIANNITELLI"	"18930316"		"true"
"http://dati.camera.it/ocd/persona.rdf/p8530"	"GIOVANNI"	"GIAVI"	"19060426"	"19800930"	"true"
"http://dati.camera.it/ocd/persona.rdf/pr11164"	"ANNIBALE"	"GILARDONI"	"18730606"	"19480705"	"true"
"http://dati.camera.it/ocd/persona.rdf/pr12086"	"UGO"	"GIOVACCHINI"	"18990727"		"true"
"http://dati.camera.it/ocd/persona.rdf/p26070"	"ALBERTO"	"GIOVANNINI"	"18821104"	"19690420"	"true"
"http://dati.camera.it/ocd/persona.rdf/p27970"	"MICHELE"	"GIUA"	"18890426"	"19660325"	"true"
"http://dati.camera.it/ocd/persona.rdf/p18910"	"GUIDO"	"GONELLA"	"19050918"	"19820819"	"true"
"http://dati.camera.it/ocd/persona.rdf/p303317"	"ENRICO"	"GONZALES"		"19650701"	"true"
"http://dati.camera.it/ocd/persona.rdf/pr12089"	"GIUSEPPE"	"GRACCEVA"	"19060213"		"true"
"http://dati.camera.it/ocd/persona.rdf/p27990"	"ACHILLE"	"GRANDI"	"18830824"	"19460927"	"true"
"http://dati.camera.it/ocd/persona.rdf/pr12090"	"LUIGI"	"GRANELLO"	"18800722"		"true"
"http://dati.camera.it/ocd/persona.rdf/p11780"	"GIUSEPPE"	"GRASSI"	"18830508"	"19500125"	"true"
"http://dati.camera.it/ocd/persona.rdf/p11810"	"VERENIN"	"GRAZIA"	"18980602"	"19720531"	"true"
"http://dati.camera.it/ocd/persona.rdf/p26110"	"CORRADO"	"GRAZIADEI"	"18930811"	"19600713"	"true"
"http://dati.camera.it/ocd/persona.rdf/p28000"	"RUGGERO"	"GRIECO"	"18930819"	"19550723"	"true"
"http://dati.camera.it/ocd/persona.rdf/pr12093"	"GIOVANNI"	"GUACCI"	"19020703"		"true"
"http://dati.camera.it/ocd/persona.rdf/p303319"	"UGO"	"GUARIENTI"		"19720112"	"true"
"http://dati.camera.it/ocd/persona.rdf/pr12094"	"ANDREA"	"GUGLIELMINETTI"	"19010201"		"true"
"http://dati.camera.it/ocd/persona.rdf/p8730"	"ANGELA"	"GUIDI"	"18961031"	"19910711"	"true"
"http://dati.camera.it/ocd/persona.rdf/pr12095"	"GIUSEPPE"	"GUINDANI"	"18920122"		"true"
"http://dati.camera.it/ocd/persona.rdf/pr12096"	"GOFFREDO"	"INNOCENZI"	"19010715"		"true"
"http://dati.camera.it/ocd/persona.rdf/p28020"	"STEFANO"	"JACINI"	"18861103"	"19520531"	"true"
"http://dati.camera.it/ocd/persona.rdf/p18970"	"ANGELO RAFFAELE"	"JERVOLINO"	"18900902"	"19850310"	"true"
"http://dati.camera.it/ocd/persona.rdf/p3250"	"UGO"	"LA MALFA"	"19030516"	"19790326"	"true"
"http://dati.camera.it/ocd/persona.rdf/pr12102"	"RAFFAELE"	"LA VOLPE"	"19001127"		"true"
"http://dati.camera.it/ocd/persona.rdf/pr12099"	"EUGENIO"	"LARICCHIUTA"	"18961115"		"true"
"http://dati.camera.it/ocd/persona.rdf/pr12100"	"MARIO"	"LAURETI"	"19060404"		"true"
"http://dati.camera.it/ocd/persona.rdf/pr12101"	"ALFREDO"	"LAVATELLI"	"19080320"		"true"
"http://dati.camera.it/ocd/persona.rdf/p8860"	"FRANCESCO"	"LEONE"	"19000313"	"19840524"	"true"
"http://dati.camera.it/ocd/persona.rdf/p26200"	"GIROLAMO"	"LI CAUSI"	"18960101"	"19770414"	"true"
"http://dati.camera.it/ocd/persona.rdf/pr12104"	"FRANCESCO"	"LIBONATI"	"18990807"		"true"
"http://dati.camera.it/ocd/persona.rdf/p17250"	"ORESTE"	"LIZZADRI"	"18960517"	"19760729"	"true"
"http://dati.camera.it/ocd/persona.rdf/p3410"	"MARIO"	"LIZZERO"	"19130628"	"19941211"	"true"
"http://dati.camera.it/ocd/persona.rdf/pr12107"	"MELCHIADE"	"LODI"			"true"
"http://dati.camera.it/ocd/persona.rdf/pr12108"	"JOLE"	"LOMBARDI"	"19180815"		"true"
"http://dati.camera.it/ocd/persona.rdf/pr12110"	"GIUSEPPE"	"LOMBARDO"	"19001012"		"true"
"http://dati.camera.it/ocd/persona.rdf/p3470"	"LUIGI"	"LONGO"	"19000315"	"19801016"	"true"
"http://dati.camera.it/ocd/persona.rdf/p28050"	"EMIDIO"	"LOPARDI"	"18771125"	"19601001"	"true"
"http://dati.camera.it/ocd/persona.rdf/pr12113"	"CONCETTO"	"LOPRESTI"	"19031208"		"true"
"http://dati.camera.it/ocd/persona.rdf/pr12114"	"ACHILLE"	"LORDI"	"19111003"		"true"
"http://dati.camera.it/ocd/persona.rdf/pr12115"	"GUIDO"	"LUCATELLO"	"19100915"		"true"
"http://dati.camera.it/ocd/persona.rdf/p8950"	"ROBERTO"	"LUCIFERO"	"19031216"	"19930111"	"true"
"http://dati.camera.it/ocd/persona.rdf/p3520"	"GIUSEPPE"	"LUPIS"	"18960328"	"19791019"	"true"
"http://dati.camera.it/ocd/persona.rdf/p28070"	"EMILIO"	"LUSSU"	"18901204"	"19750310"	"true"
"http://dati.camera.it/ocd/persona.rdf/p8960"	"LUCIO MARIO"	"LUZZATTO"	"19130705"	"19861004"	"true"
"http://dati.camera.it/ocd/persona.rdf/p28080"	"FABRIZIO"	"MAFFI"	"18681002"	"19550223"	"true"
"http://dati.camera.it/ocd/persona.rdf/pr12118"	"CLAUDIA"	"MAFFIOLI"	"18960128"		"true"
"http://dati.camera.it/ocd/persona.rdf/p12190"	"ALCIDE"	"MALAGUGINI"	"18871015"	"19661224"	"true"
"http://dati.camera.it/ocd/persona.rdf/pr301212"	"FRANCESCO"	"MALGERI"	"18711229"		"true"
"http://dati.camera.it/ocd/persona.rdf/pr12120"	"DANTE"	"MALINTOPPI"			"true"
"http://dati.camera.it/ocd/persona.rdf/p28100"	"PIETRO"	"MANCINI"	"18760708"	"19680218"	"true"
"http://dati.camera.it/ocd/persona.rdf/p300839"	"MICHELE"	"MANCINO"			"true"
"http://dati.camera.it/ocd/persona.rdf/pr12122"	"ANTONIO"	"MANES"	"18910709"	"19501029"	"true"
"http://dati.camera.it/ocd/persona.rdf/pr12123"	"GIUSEPPE"	"MANFREDINI"	"19010620"		"true"
"http://dati.camera.it/ocd/persona.rdf/pr12124"	"ENZO"	"MANFREDONIA"	"19090203"		"true"
"http://dati.camera.it/ocd/persona.rdf/p9030"	"PIERRAIMONDO"	"MANZINI"	"19010218"	"19880114"	"true"
"http://dati.camera.it/ocd/persona.rdf/pr12127"	"GIUSEPPE"	"MARAZZINI"	"18860612"		"true"
"http://dati.camera.it/ocd/persona.rdf/p26320"	"CONCETTO"	"MARCHESI"	"18780201"	"19570212"	"true"
"http://dati.camera.it/ocd/persona.rdf/pr12128"	"ADA"	"MARCHESINI PROSPERO"	"19020723"		"true"
"http://dati.camera.it/ocd/persona.rdf/p28130"	"ODDO"	"MARINELLI"	"18880124"	"19720117"	"true"
"http://dati.camera.it/ocd/persona.rdf/p303334"	"ATTILIO"	"MARIOTTI"		"195502"	"true"
"http://dati.camera.it/ocd/persona.rdf/pr12129"	"ENRICO"	"MARTINI"	"19110129"		"true"
"http://dati.camera.it/ocd/persona.rdf/pr12130"	"PIETRO"	"MASSARI"		"19451224"	"true"
"http://dati.camera.it/ocd/persona.rdf/p28140"	"CESARE"	"MASSINI"	"18860723"	"19670118"	"true"
"http://dati.camera.it/ocd/persona.rdf/p11660"	"BERNARDO"	"MATTARELLA"	"19050915"	"19710301"	"true"
"http://dati.camera.it/ocd/persona.rdf/p26410"	"ENRICO"	"MATTEI"	"19060429"	"19621027"	"true"
"http://dati.camera.it/ocd/persona.rdf/pr301424"	"CARLO"	"MAURO"	"18710501"		"true"
"http://dati.camera.it/ocd/persona.rdf/p26430"	"ANTONIO"	"MAXIA"	"19040304"	"19620415"	"true"
"http://dati.camera.it/ocd/persona.rdf/p28160"	"NINO"	"MAZZONI"	"18740619"	"19540921"	"true"
"http://dati.camera.it/ocd/persona.rdf/pr12134"	"ALDOBRANDO"	"MEDICI TORNAQUINCI"	"19090814"	"19471005"	"true"
"http://dati.camera.it/ocd/persona.rdf/pr12135"	"EGIDIO"	"MENEGHETTI"	"18921214"		"true"
"http://dati.camera.it/ocd/persona.rdf/p13770"	"PIETRO"	"MENTASTI"	"18970515"	"19580924"	"true"
"http://dati.camera.it/ocd/persona.rdf/p28170"	"UMBERTO"	"MERLIN"	"18850217"	"19640522"	"true"
"http://dati.camera.it/ocd/persona.rdf/p300646"	"CESARE"	"MERZAGORA"		"19910501"	"true"
"http://dati.camera.it/ocd/persona.rdf/p26450"	"GIUSEPPE"	"MICHELI"	"18741019"	"19481016"	"true"
"http://dati.camera.it/ocd/persona.rdf/p11770"	"ENRICO"	"MINIO"	"19060504"	"19730221"	"true"
"http://dati.camera.it/ocd/persona.rdf/pr12139"	"VIRGINIA"	"MINOLETTI QUARELLO"	"19100714"		"true"
"http://dati.camera.it/ocd/persona.rdf/p26480"	"GIUSEPPE EMANUELE"	"MODIGLIANI"	"18721028"	"19471005"	"true"
"http://dati.camera.it/ocd/persona.rdf/pr12140"	"HENRY"	"MOLINARI"	"18940607"		"true"
"http://dati.camera.it/ocd/persona.rdf/p28190"	"GUIDO"	"MOLINELLI"	"18940927"	"19640106"	"true"
"http://dati.camera.it/ocd/persona.rdf/pr12141"	"GIACOMO"	"MOLLE"	"18821206"		"true"
"http://dati.camera.it/ocd/persona.rdf/p28200"	"RICCARDO"	"MOMIGLIANO"	"18790331"	"19610609"	"true"
"http://dati.camera.it/ocd/persona.rdf/pr12142"	"ARTURO"	"MONDOVI"	"18971030"		"true"
"http://dati.camera.it/ocd/persona.rdf/p19330"	"MARIO"	"MONTAGNANA"	"18970622"	"19600808"	"true"
"http://dati.camera.it/ocd/persona.rdf/p9390"	"GIUSEPPE"	"MONTALBANO"	"18950610"	"19891029"	"true"
"http://dati.camera.it/ocd/persona.rdf/pr12144"	"SALVATORE"	"MONTEFORTE"	"18870516"		"true"
"http://dati.camera.it/ocd/persona.rdf/p28230"	"RODOLFO"	"MORANDI"	"19020730"	"19550726"	"true"
"http://dati.camera.it/ocd/persona.rdf/p13400"	"LUIGI"	"MORELLI"	"18950824"	"19540718"	"true"
"http://dati.camera.it/ocd/persona.rdf/p9480"	"VINCENZO"	"MOSCATELLI"	"19080203"	"19811031"	"true"
"http://dati.camera.it/ocd/persona.rdf/pr301220"	"AMEDEO"	"MOSCATI"	"18760625"		"true"
"http://dati.camera.it/ocd/persona.rdf/p26500"	"FRANCESCO"	"MUSOTTO"	"18810313"	"19610804"	"true"
"http://dati.camera.it/ocd/persona.rdf/pr12148"	"BASTIANINA"	"MUSU MARTINI"		"19451021"	"true"
"http://dati.camera.it/ocd/persona.rdf/p26520"	"VIRGILIO"	"NASI"	"18800104"	"19640606"	"true"
"http://dati.camera.it/ocd/persona.rdf/p28250"	"FRANCESCO SAVERIO"	"NITTI"	"18680719"	"19530220"	"true"
"http://dati.camera.it/ocd/persona.rdf/p9620"	"TERESA"	"NOCE"	"19000729"	"19800122"	"true"
"http://dati.camera.it/ocd/persona.rdf/pr12152"	"ADOLFO"	"OMODEO"	"18890823"	"19460428"	"true"
"http://dati.camera.it/ocd/persona.rdf/p28270"	"VITTORIO EMANUELE"	"ORLANDO"	"18600519"	"19521201"	"true"
"http://dati.camera.it/ocd/persona.rdf/pr12153"	"GIOVANNI BATTISTA"	"OXILIA"	"18871118"		"true"
"http://dati.camera.it/ocd/persona.rdf/pr12154"	"MARIO"	"PAGGI"	"19020210"		"true"
"http://dati.camera.it/ocd/persona.rdf/p4390"	"GIAN CARLO"	"PAJETTA"	"19110624"	"19900913"	"true"
"http://dati.camera.it/ocd/persona.rdf/pr12156"	"GIOVANNI"	"PALADIN"	"18960716"		"true"
"http://dati.camera.it/ocd/persona.rdf/p300942"	"MARIO"	"PALERMO"		"19850116"	"true"
"http://dati.camera.it/ocd/persona.rdf/pr12158"	"CANIO"	"PANETTA"			"true"
"http://dati.camera.it/ocd/persona.rdf/pr12159"	"MARIO"	"PANNUNZIO"	"19100305"		"true"
"http://dati.camera.it/ocd/persona.rdf/p300944"	"GIUSEPPE"	"PAPALIA"		"19641124"	"true"
"http://dati.camera.it/ocd/persona.rdf/p28300"	"FERRUCCIO"	"PARRI"	"18900119"	"19811208"	"true"
"http://dati.camera.it/ocd/persona.rdf/p28310"	"ROSARIO"	"PASQUALINO VASSALLO"	"18841222"	"19560925"	"true"
"http://dati.camera.it/ocd/persona.rdf/p300670"	"ROSARIO"	"PASQUALINO VASSALLO"	"18610813"	"19500325"	"true"
"http://dati.camera.it/ocd/persona.rdf/p11870"	"GIULIO"	"PASTORE"	"19020817"	"19691014"	"true"
"http://dati.camera.it/ocd/persona.rdf/p28320"	"RAFFAELE"	"PASTORE"	"18810321"	"19690121"	"true"
"http://dati.camera.it/ocd/persona.rdf/pr12165"	"CARMELO"	"PATANÈ"			"true"
"http://dati.camera.it/ocd/persona.rdf/p9750"	"EMILIO"	"PATRISSI"	"19101119"	"19800108"	"true"
"http://dati.camera.it/ocd/persona.rdf/pr301325"	"GIUSEPPE"	"PATRUNO"	"18900112"		"true"
"http://dati.camera.it/ocd/persona.rdf/p13720"	"FAUSTO"	"PECORARI"	"19021218"	"19661027"	"true"
"http://dati.camera.it/ocd/persona.rdf/pr12169"	"GABRIELE"	"PEPE"	"18991204"		"true"
"http://dati.camera.it/ocd/persona.rdf/p26680"	"NICOLA"	"PERROTTI"	"18971222"	"19700907"	"true"
"http://dati.camera.it/ocd/persona.rdf/p28340"	"GIOVANNI"	"PERSICO"	"18781230"	"19670807"	"true"
"http://dati.camera.it/ocd/persona.rdf/p4610"	"ALESSANDRO"	"PERTINI"	"18960925"	"19900224"	"true"
"http://dati.camera.it/ocd/persona.rdf/p19570"	"ANTONIO"	"PESENTI"	"19101015"	"19730213"	"true"
"http://dati.camera.it/ocd/persona.rdf/pr12171"	"TITO"	"PESTELLINI"	"18811203"		"true"
"http://dati.camera.it/ocd/persona.rdf/p13370"	"CARLO"	"PETRONE"	"18990811"	"19611121"	"true"
"http://dati.camera.it/ocd/persona.rdf/p300845"	"RAFFAELE"	"PETTI"		"19610429"	"true"
"http://dati.camera.it/ocd/persona.rdf/pr12173"	"PIETRO"	"PIACENTINI"			"true"
"http://dati.camera.it/ocd/persona.rdf/pr12174"	"CIRO"	"PICARDI"	"19000801"		"true"
"http://dati.camera.it/ocd/persona.rdf/p19600"	"ATTILIO"	"PICCIONI"	"18920614"	"19760310"	"true"
"http://dati.camera.it/ocd/persona.rdf/pr12175"	"ALFONSO"	"PICHLER"			"true"
"http://dati.camera.it/ocd/persona.rdf/pr12176"	"RINA"	"PICOLATO"	"19000506"		"true"
"http://dati.camera.it/ocd/persona.rdf/p303346"	"GAETANO"	"PIERACCINI"		"19570413"	"true"
"http://dati.camera.it/ocd/persona.rdf/p304417"	"CLEMENTE"	"PISCITELLI"		"19540625"	"true"
"http://dati.camera.it/ocd/persona.rdf/pr12177"	"ALFREDO"	"PIZZONI"	"18940220"	"19580103"	"true"
"http://dati.camera.it/ocd/persona.rdf/pr12178"	"PAOLO"	"POLESE"	"19090717"		"true"
"http://dati.camera.it/ocd/persona.rdf/p9900"	"ELETTRA"	"POLLASTRINI"	"19080715"	"19900202"	"true"
"http://dati.camera.it/ocd/persona.rdf/pr12180"	"FRANCO ANTONIO"	"PORTA"	"19130328"		"true"
"http://dati.camera.it/ocd/persona.rdf/p28370"	"GIOVANNI"	"PORZIO"	"18731006"	"19620922"	"true"
"http://dati.camera.it/ocd/persona.rdf/p13840"	"GIORDANO"	"PRATOLONGO"	"19050222"	"19530303"	"true"
"http://dati.camera.it/ocd/persona.rdf/p19700"	"COSTANTINO"	"PREZIOSI"	"19051115"	"19770714"	"true"
"http://dati.camera.it/ocd/persona.rdf/pr301578"	"EDMONDO"	"PUECHER"	"18731018"		"true"
"http://dati.camera.it/ocd/persona.rdf/pr301354"	"LUIGI BATTISTA"	"PUGGIONI"	"18931112"		"true"
"http://dati.camera.it/ocd/persona.rdf/pr12183"	"LUIGI"	"QUAGLIATA"			"true"
"http://dati.camera.it/ocd/persona.rdf/pr12184"	"CARLO LUDOVICO"	"RAGGHIANTI"	"19100318"	"19870803"	"true"
"http://dati.camera.it/ocd/persona.rdf/p26780"	"GIUSEPPE GIOVANNI BATTISTA"	"RAIMONDI"	"18780709"	"19551029"	"true"
"http://dati.camera.it/ocd/persona.rdf/pr12186"	"ANTONIO"	"RAMIREZ"	"18990305"		"true"
"http://dati.camera.it/ocd/persona.rdf/p9960"	"GIUSEPPE"	"RAPELLI"	"19051021"	"19770617"	"true"
"http://dati.camera.it/ocd/persona.rdf/p9990"	"EUGENIO"	"REALE"	"19050608"	"19760509"	"true"
"http://dati.camera.it/ocd/persona.rdf/p4960"	"ORONZO"	"REALE"	"19021024"	"19880714"	"true"
"http://dati.camera.it/ocd/persona.rdf/p28400"	"VITO"	"REALE"	"18831223"	"19530428"	"true"
"http://dati.camera.it/ocd/persona.rdf/pr12190"	"ALDO"	"REPETTO"	"19040905"		"true"
"http://dati.camera.it/ocd/persona.rdf/p28410"	"PIER CARLO"	"RESTAGNO"	"18980329"	"19661111"	"true"
"http://dati.camera.it/ocd/persona.rdf/p300798"	"FEDERICO"	"RICCI"		"19631115"	"true"
"http://dati.camera.it/ocd/persona.rdf/p300799"	"GIAMBATTISTA"	"RIZZO"			"true"
"http://dati.camera.it/ocd/persona.rdf/pr12193"	"PIER LUIGI"	"ROCCATAGLIATA"	"19120805"		"true"
"http://dati.camera.it/ocd/persona.rdf/pr12194"	"GUIDO"	"RODINÒ"	"19010918"		"true"
"http://dati.camera.it/ocd/persona.rdf/p303353"	"NINO"	"RONCO"		"19490512"	"true"
"http://dati.camera.it/ocd/persona.rdf/pr12195"	"EUGENIO"	"ROSASCO"	"18801105"		"true"
"http://dati.camera.it/ocd/persona.rdf/pr12196"	"BENIAMINO"	"ROSATI"	"18810208"		"true-aggiunto-manualmente"
"http://dati.camera.it/ocd/persona.rdf/pr12197"	"ERNESTO"	"ROSSI"	"18970825"		"true"
"http://dati.camera.it/ocd/persona.rdf/pr3834"	"FRANCESCO"	"ROSSI"	"18630917"	"19480628"	"true"
"http://dati.camera.it/ocd/persona.rdf/pr12198"	"LUIGI"	"ROSSI"	"18920407"		"true"
"http://dati.camera.it/ocd/persona.rdf/p304126"	"MANLIO"	"ROSSI DORIA"			"true"
"http://dati.camera.it/ocd/persona.rdf/p28440"	"GIOVANNI"	"ROVEDA"	"18940604"	"19611118"	"true"
"http://dati.camera.it/ocd/persona.rdf/p28450"	"ALFONSO"	"RUBILLI"	"18730218"	"19600107"	"true"
"http://dati.camera.it/ocd/persona.rdf/p28460"	"BARTOLOMEO"	"RUINI"	"18771214"	"19700306"	"true"
"http://dati.camera.it/ocd/persona.rdf/pr401545"	"FORTUNATO"	"SACCANI"	"18900825"		"true"
"http://dati.camera.it/ocd/persona.rdf/p10200"	"NICOLA"	"SALERNO"	"18971021"	"19831003"	"true"
"http://dati.camera.it/ocd/persona.rdf/pr12202"	"FELICE"	"SALIVETTO"	"19160416"		"true"
"http://dati.camera.it/ocd/persona.rdf/pr12203"	"LUIGI"	"SALVATORELLI"	"18860311"		"true"
"http://dati.camera.it/ocd/persona.rdf/p26890"	"LUIGI RENATO"	"SANSONE"	"19030208"	"19670222"	"true"
"http://dati.camera.it/ocd/persona.rdf/pr401447"	"ATTILIO"	"SANSONI"			"true"
"http://dati.camera.it/ocd/persona.rdf/pr12204"	"ROSALBINO"	"SANTORO"	"18940122"		"true"
"http://dati.camera.it/ocd/persona.rdf/p19910"	"GIUSEPPE"	"SARAGAT"	"18980919"	"19880611"	"true"
"http://dati.camera.it/ocd/persona.rdf/pr12206"	"ATTILIO"	"SASSI"	"18761006"		"true"
"http://dati.camera.it/ocd/persona.rdf/pr12207"	"FILIPPO"	"SATTA GALFRÈ"	"18910917"		"true"
"http://dati.camera.it/ocd/persona.rdf/pr12208"	"GIOVANNI"	"SAVORETTI"	"19180428"		"true"
"http://dati.camera.it/ocd/persona.rdf/pr12209"	"LUIGI"	"SBANO"	"18990824"		"true"
"http://dati.camera.it/ocd/persona.rdf/pr12211"	"MARIO"	"SCERNI"	"19070101"		"true"
"http://dati.camera.it/ocd/persona.rdf/p10290"	"PASQUALE"	"SCHIANO"	"19050426"	"19871130"	"true"
"http://dati.camera.it/ocd/persona.rdf/pr12213"	"CARLO"	"SCIALOJA"	"18860717"	"1947"	"true"
"http://dati.camera.it/ocd/persona.rdf/p11760"	"SALVATORE"	"SCOCA"	"18940615"	"19620501"	"true"
"http://dati.camera.it/ocd/persona.rdf/p28490"	"PIETRO"	"SECCHIA"	"19031219"	"19730707"	"true"
"http://dati.camera.it/ocd/persona.rdf/pr12217"	"SAVERIO"	"SECHINI"	"18890529"	"1963"	"true"
"http://dati.camera.it/ocd/persona.rdf/p10380"	"EMILIO"	"SERENI"	"19070813"	"19770320"	"true"
"http://dati.camera.it/ocd/persona.rdf/pr12219"	"NINO"	"SICCARDI"	"19020225"		"true"
"http://dati.camera.it/ocd/persona.rdf/pr12220"	"STEFANO"	"SIGLIENTI"	"18980117"		"true"
"http://dati.camera.it/ocd/persona.rdf/pr12221"	"GIUSEPPE"	"SIGNORELLI"	"19070918"		"true"
"http://dati.camera.it/ocd/persona.rdf/p12330"	"ALBERTO"	"SIMONINI"	"18960219"	"19600706"	"true"
"http://dati.camera.it/ocd/persona.rdf/pr12223"	"EDGARDO"	"SOGNO"	"19151229"		"true"
"http://dati.camera.it/ocd/persona.rdf/p303757"	"FERMO"	"SOLARI"			"true"
"http://dati.camera.it/ocd/persona.rdf/pr12225"	"GIUSEPPE"	"SOTGIU"	"19020409"		"true"
"http://dati.camera.it/ocd/persona.rdf/p10480"	"GIULIO"	"SPALLONE"	"19190911"	"20140315"	"true"
"http://dati.camera.it/ocd/persona.rdf/p28530"	"VELIO"	"SPANO"	"19050115"	"19641008"	"true"
"http://dati.camera.it/ocd/persona.rdf/pr12228"	"PIER FELICE"	"STANGONI"	"18881014"		"true"
"http://dati.camera.it/ocd/persona.rdf/pr12229"	"FRANCESCO"	"STARRABBA"	"19010526"		"true"
"http://dati.camera.it/ocd/persona.rdf/pr12231"	"PIETRO"	"TAMAGNINI"	"18891023"		"true"
"http://dati.camera.it/ocd/persona.rdf/p200929"	"PAOLO EMILIO"	"TAVIANI"	"19121106"	"20010618"	"true"
"http://dati.camera.it/ocd/persona.rdf/pr12233"	"GAETANO"	"TEDESCHI"	"18900908"		"true"
"http://dati.camera.it/ocd/persona.rdf/p28550"	"UMBERTO"	"TERRACINI"	"18950727"	"19831206"	"true"
"http://dati.camera.it/ocd/persona.rdf/p27010"	"RAFFAELE"	"TERRANOVA"	"18981208"	"19740324"	"true"
"http://dati.camera.it/ocd/persona.rdf/p20170"	"GIUSEPPE"	"TOGNI"	"19031205"	"19810624"	"true"
"http://dati.camera.it/ocd/persona.rdf/p303368"	"PIETRO"	"TOMASI DELLA TORRETTA"		"19621204"	"true"
"http://dati.camera.it/ocd/persona.rdf/pr401191"	"VINCENZO"	"TORRIO"	"18831225"		"true"
"http://dati.camera.it/ocd/persona.rdf/p303369"	"GIUSEPPE"	"TRAINA"		"19580208"	"true"
"http://dati.camera.it/ocd/persona.rdf/p28580"	"DOMENICO"	"TRIPEPI"	"18890214"	"19621026"	"true"
"http://dati.camera.it/ocd/persona.rdf/p28590"	"UMBERTO"	"TUPINI"	"18890527"	"19730107"	"true"
"http://dati.camera.it/ocd/persona.rdf/p28610"	"GIOVANNI"	"UBERTI"	"18881129"	"19640313"	"true"
"http://dati.camera.it/ocd/persona.rdf/pr401179"	"ALFREDO"	"URBINATI"	"18801109"		"true"
"http://dati.camera.it/ocd/persona.rdf/pr12295"	"LUIGI"	"VACCA"			"true"
"http://dati.camera.it/ocd/persona.rdf/p200954"	"LEO"	"VALIANI"	"19090209"	"19990918"	"true"
"http://dati.camera.it/ocd/persona.rdf/p28640"	"EZIO"	"VANONI"	"19030803"	"19560216"	"true"
"http://dati.camera.it/ocd/persona.rdf/p28650"	"DANTE"	"VERONI"	"18771213"	"19490325"	"true"
"http://dati.camera.it/ocd/persona.rdf/p13910"	"RODOLFO"	"VICENTINI"	"18960804"	"19741219"	"true"
"http://dati.camera.it/ocd/persona.rdf/p27080"	"BRUNO"	"VILLABRUNA"	"18840812"	"19711014"	"true"
"http://dati.camera.it/ocd/persona.rdf/pr12240"	"CARMELO"	"VILLARÀ"	"18910103"		"true"
"http://dati.camera.it/ocd/persona.rdf/p10800"	"ETTORE"	"VIOLA"	"18940421"	"19860225"	"true"
"http://dati.camera.it/ocd/persona.rdf/pr12241"	"GAETANO"	"VIRDIS"	"19010225"		"true"
"http://dati.camera.it/ocd/persona.rdf/p27090"	"CARLO"	"VISCHIA"	"18940212"	"19700605"	"true"
"http://dati.camera.it/ocd/persona.rdf/pr12243"	"GIOVANNI"	"VISCONTI VENOSTA"	"18870711"	"19471114"	"true"
"http://dati.camera.it/ocd/persona.rdf/p200977"	"BRUNO"	"VISENTINI"	"19140801"	"19950213"	"true"
"http://dati.camera.it/ocd/persona.rdf/pr12245"	"RUGGERO"	"VITALE"	"18980308"		"true"
"http://dati.camera.it/ocd/persona.rdf/p301191"	"AGOSTINO"	"VIVIANI"			"true"
"http://dati.camera.it/ocd/persona.rdf/pr12247"	"EDOARDO"	"VOLTERRA"	"19040107"		"true"
"http://dati.camera.it/ocd/persona.rdf/pr12248"	"GIORGIO"	"ZAMBRUNO"			"true"
"http://dati.camera.it/ocd/persona.rdf/pr12249"	"LANFRANCO"	"ZANCAN"	"19120227"		"true"
"http://dati.camera.it/ocd/persona.rdf/p13170"	"EMILIO"	"ZANNERINI"	"18910408"	"19690609"	"true"
"http://dati.camera.it/ocd/persona.rdf/pr12250"	"ANGELO"	"ZAPPIA"	"18980605"		"true"
"http://dati.camera.it/ocd/persona.rdf/pr401085"	"RENATO"	"ZAVATARO"	"18860713"		"true"
"http://dati.camera.it/ocd/persona.rdf/p303373"	"ADOLFO"	"ZERBOGLIO"		"19520330"	"true"
"http://dati.camera.it/ocd/persona.rdf/p300676"	"VINICIO"	"ZIINO"		"19860619"	"true"
"http://dati.camera.it/ocd/persona.rdf/pr12252"	"ANTONIO"	"ZINI"			"true"
"http://dati.camera.it/ocd/persona.rdf/pr12253"	"ANTONIO"	"ZOCCOLI"	"18880609"		"true"
"http://dati.camera.it/ocd/persona.rdf/p300683"	"ADONE"	"ZOLI"		"19600220"	"true"
"http://dati.camera.it/ocd/persona.rdf/pr401291"	"ANTONINO"	"ZUCCALÀ"	"18840516"		"true"
